<?xml version="1.0" encoding="windows-1251"?><Metadata><Ms><It Ln="35" O="0" M="Utt.Debugger.Error" T="undeclared identifier `flightVal'&#xD;&#xA;"><P F="C:\Users\NICK\Documents\VuGen\Scripts\UC_BuyTicket\Action.c" N="106" C="0" /></It><It Ln="92" O="0" M="Utt.Debugger.Error" T="type error in argument 1 to `lr_save_string'; found `int' expected `pointer to const char'&#xD;&#xA;"><P F="C:\Users\NICK\Documents\VuGen\Scripts\UC_BuyTicket\Action.c" N="108" C="0" /></It><It Ln="191" O="0" M="Utt.Debugger.Error" T="c:\users\nick\documents\vugen\scripts\uc_buyticket\\pre_cci.c: c:\\users\\nick\\documents\\vugen\\scripts\\uc_buyticket\\\\combined_UC_BuyTicket.c:6: error: 2 errors, not writing pre_cci.ci&#xD;&#xA;"><P F=" " N="9999999" C="0" /></It></Ms></Metadata>